{
  "val": {
    "mse": 2.762182031933476e-05,
    "rmse": 0.0052556465177306935,
    "mae": 0.004004190618933556,
    "r2": -0.045324888714338485,
    "directional_accuracy": 38.552188552188554,
    "n_samples": 595
  },
  "test": {
    "mse": 2.0917572165107922e-05,
    "rmse": 0.004573573238192204,
    "mae": 0.00334116155007338,
    "r2": -0.07040354496700774,
    "directional_accuracy": 36.195286195286194,
    "n_samples": 595
  },
  "train": {
    "mse": 2.920268318513038e-05,
    "rmse": 0.005403950701582166,
    "mae": 0.003988388826737031,
    "r2": 0.0020712262150154315,
    "directional_accuracy": 65.38045438153624,
    "n_samples": 2774
  }
}