Model,MSE,MAE,RMSE,Directional_Accuracy_%,Features,Architecture,MSE_Rank,Overall_Rank
"GARCH(1,1)",2.3643336653869353e-05,0.0035429371505224343,0.004862441429351037,51.59663865546219,1,Statistical,3.0,3.0
LSTM Baseline,4.27399300318931e-06,0.0016335147816628876,0.002067363781048055,77.77777777777779,13,Deep Learning,2.0,2.0
Hybrid GARCH-LSTM,1.89764156776562e-06,0.0009454758193907438,0.0013775491162806572,86.19528619528619,14,Hybrid,1.0,1.0
