Volatility_Regime,Samples,GARCH_MSE,LSTM_MSE,Hybrid_MSE,Hybrid_Improvement_%
Low,149,8.401628223894665e-05,4.121152107728423e-06,2.383429819827169e-06,42.16593424548666
Medium-Low,149,0.0001487934984217284,5.1542810094285105e-06,3.0075540552830412e-06,41.6493968842318
Medium-High,148,9.288525342135948e-05,3.772804215644697e-06,2.200676912981569e-06,41.669994327932095
High,149,4.952613375587349e-05,4.044370996817725e-06,9.392772338937374e-10,99.97677569059236
