{
  "val": {
    "mse": 2.6531892926661292e-05,
    "rmse": 0.005150911853901335,
    "mae": 0.0038739161713681426,
    "r2": -0.0006628482555393056,
    "directional_accuracy": 58.644067796610166,
    "n_samples": 591
  },
  "test": {
    "mse": 1.9550602279887466e-05,
    "rmse": 0.004421606300869342,
    "mae": 0.003215043924962085,
    "r2": -0.0024569104534497566,
    "directional_accuracy": 56.10169491525424,
    "n_samples": 591
  },
  "train": {
    "mse": 2.9215624886157163e-05,
    "rmse": 0.005405147998543349,
    "mae": 0.0039885422587395795,
    "r2": 0.0022224705503127717,
    "directional_accuracy": 65.9443842542434,
    "n_samples": 2770
  }
}