{
  "val": {
    "mse": 2.6531484158219996e-05,
    "rmse": 0.005150872174517632,
    "mae": 0.0038738859264134478,
    "r2": -0.0006474313610917992,
    "directional_accuracy": 58.30508474576271,
    "n_samples": 591
  },
  "test": {
    "mse": 1.955260284478902e-05,
    "rmse": 0.004421832521114863,
    "mae": 0.0032150747780873177,
    "r2": -0.002559489396116721,
    "directional_accuracy": 55.08474576271186,
    "n_samples": 591
  },
  "train": {
    "mse": 2.9216172338543795e-05,
    "rmse": 0.005405198640063453,
    "mae": 0.003988723262188517,
    "r2": 0.002203773853187374,
    "directional_accuracy": 65.87215601300109,
    "n_samples": 2770
  }
}