{
  "val": {
    "mse": 2.645169523788097e-05,
    "rmse": 0.005143121157223595,
    "mae": 0.003868971614482024,
    "r2": -0.0010424751582576164,
    "directional_accuracy": 2.356902356902357,
    "avg_volatility": 0.004879229553869531,
    "n_samples": 595
  },
  "test": {
    "mse": 1.9581550503354847e-05,
    "rmse": 0.004425104575414557,
    "mae": 0.003222121387544261,
    "r2": -0.002036035028225802,
    "directional_accuracy": 2.6936026936026933,
    "avg_volatility": 0.004879229553869531,
    "n_samples": 595
  },
  "train": {
    "mse": 2.920268318513038e-05,
    "rmse": 0.005403950701582166,
    "mae": 0.003988388826737031,
    "r2": 0.0020712262150154315,
    "directional_accuracy": 65.38045438153624,
    "avg_volatility": 0.00523093222612692,
    "n_samples": 2774
  }
}