{
  "timestamp": "2026-01-19T23:29:37.273494",
  "models_tested": 6,
  "successful": 6,
  "failed": 0,
  "best_aic": "GARCH(2,2)",
  "best_bic": "GARCH(2,1)",
  "best_rmse": "GARCH(3,1)",
  "all_results": {
    "GARCH(1,1)": {
      "order": [
        1,
        1
      ],
      "parameters": 4,
      "aic": 14233.723739300332,
      "bic": 14260.017277184596,
      "log_likelihood": -7112.861869650166,
      "val_mse": 6.077929230841574,
      "val_rmse": 2.4653456615334033,
      "val_mae": 1.0598353063186179,
      "test_mse": 8.915796899398309,
      "test_rmse": 2.9859331706182424,
      "test_mae": 1.1307395060992371,
      "alpha": 0.07050843108009383,
      "beta": 0.9225344913286272,
      "omega": 0.008976730268669094,
      "convergence": true
    },
    "GARCH(1,2)": {
      "order": [
        1,
        2
      ],
      "parameters": 5,
      "aic": 14235.72373973741,
      "bic": 14268.59066209274,
      "log_likelihood": -7112.861869868705,
      "val_mse": 6.0779286767782255,
      "val_rmse": 2.4653455491630836,
      "val_mae": 1.0598371553712977,
      "test_mse": 8.91579646431655,
      "test_rmse": 2.985933097763001,
      "test_mae": 1.13074177583586,
      "alpha": 0.07051061677006402,
      "beta": 0.9225320611625962,
      "omega": 0.008976681432168936,
      "convergence": true
    },
    "GARCH(2,1)": {
      "order": [
        2,
        1
      ],
      "parameters": 5,
      "aic": 14224.355829116283,
      "bic": 14257.222751471612,
      "log_likelihood": -7107.177914558141,
      "val_mse": 6.073671065871034,
      "val_rmse": 2.464481906176435,
      "val_mae": 1.079375326625258,
      "test_mse": 8.91276514360078,
      "test_rmse": 2.985425454370077,
      "test_mae": 1.154682287027617,
      "alpha": 0.032480304088520345,
      "beta": 0.9096157512722506,
      "omega": 0.011175020381720566,
      "convergence": true
    },
    "GARCH(2,2)": {
      "order": [
        2,
        2
      ],
      "parameters": 6,
      "aic": 14218.018738573894,
      "bic": 14257.45904540029,
      "log_likelihood": -7103.009369286947,
      "val_mse": 6.098260595448908,
      "val_rmse": 2.4694656497811236,
      "val_mae": 1.0183544452544413,
      "test_mse": 8.933356311112043,
      "test_rmse": 2.988872080085068,
      "test_mae": 1.0791754736964838,
      "alpha": 0.030593048207452855,
      "beta": 0.31090232332995393,
      "omega": 0.016631870307919697,
      "convergence": true
    },
    "GARCH(1,3)": {
      "order": [
        1,
        3
      ],
      "parameters": 6,
      "aic": 14237.723739597044,
      "bic": 14277.16404642344,
      "log_likelihood": -7112.861869798522,
      "val_mse": 6.077929455165072,
      "val_rmse": 2.465345707028747,
      "val_mae": 1.0598345577190573,
      "test_mse": 8.91579707555143,
      "test_rmse": 2.985933200115406,
      "test_mae": 1.1307385871833744,
      "alpha": 0.07050735222456764,
      "beta": 0.9225353548552043,
      "omega": 0.008977042911473464,
      "convergence": true
    },
    "GARCH(3,1)": {
      "order": [
        3,
        1
      ],
      "parameters": 6,
      "aic": 14226.35582859912,
      "bic": 14265.796135425517,
      "log_likelihood": -7107.17791429956,
      "val_mse": 6.073669601635411,
      "val_rmse": 2.464481609108782,
      "val_mae": 1.0793857701513185,
      "test_mse": 8.912764319700702,
      "test_rmse": 2.985425316383028,
      "test_mae": 1.1546949235211241,
      "alpha": 0.03248086649103954,
      "beta": 0.9096104408884386,
      "omega": 0.011176708826538357,
      "convergence": true
    }
  }
}