{
  "train": {
    "mse": 2.9205939787141607e-05,
    "rmse": 0.005404252009958603,
    "mae": 0.0039877236161237105,
    "r2": 0.001959939973570912,
    "directional_accuracy": 66.89505950234404,
    "n_samples": 2774
  },
  "val": {
    "mse": 2.6452149738532866e-05,
    "rmse": 0.005143165342328873,
    "mae": 0.0038689616150549477,
    "r2": -0.0010596753586018526,
    "directional_accuracy": 1.1784511784511784,
    "n_samples": 595
  },
  "test": {
    "mse": 1.958163795978954e-05,
    "rmse": 0.004425114457253003,
    "mae": 0.0032220283322899235,
    "r2": -0.0020405103887977116,
    "directional_accuracy": 0.0,
    "n_samples": 595
  }
}